NU_ANO_CENSO;NO_REGIAO;CO_REGIAO;NO_UF;SG_UF;CO_UF;NO_MUNICIPIO;CO_MUNICIPIO;NO_REGIAO_GEOG_INTERM;CO_REGIAO_GEOG_INTERM;NO_REGIAO_GEOG_IMED;CO_REGIAO_GEOG_IMED;NO_DISTRITO;CO_DISTRITO;NO_SUBDISTRITO;CO_SUBDISTRITO;NO_ENTIDADE;CO_ENTIDADE;CO_REDE;TP_DEPENDENCIA;TP_CATEGORIA_ESCOLA_PRIVADA;TP_LOCALIZACAO;TP_LOCALIZACAO_DIFERENCIADA;TP_SITUACAO_FUNCIONAMENTO;CO_ORGAO_REGIONAL;DT_ANO_LETIVO_INICIO;DT_ANO_LETIVO_TERMINO;IN_VINCULO_SECRETARIA_EDUCACAO;IN_VINCULO_SEGURANCA_PUBLICA;IN_VINCULO_SECRETARIA_SAUDE;IN_VINCULO_OUTRO_ORGAO;IN_PODER_PUBLICO_PARCERIA;TP_PODER_PUBLICO_PARCERIA;IN_FORMA_CONT_TERMO_COLABORA;IN_FORMA_CONT_TERMO_FOMENTO;IN_FORMA_CONT_ACORDO_COOP;IN_FORMA_CONT_PRESTACAO_SERV;IN_FORMA_CONT_COOP_TEC_FIN;IN_FORMA_CONT_CONSORCIO_PUB;IN_FORMA_CONT_MU_TERMO_COLAB;IN_FORMA_CONT_MU_TERMO_FOMENTO;IN_FORMA_CONT_MU_ACORDO_COOP;IN_FORMA_CONT_MU_PREST_SERV;IN_FORMA_CONT_MU_COOP_TEC_FIN;IN_FORMA_CONT_MU_CONSORCIO_PUB;IN_FORMA_CONT_ES_TERMO_COLAB;IN_FORMA_CONT_ES_TERMO_FOMENTO;IN_FORMA_CONT_ES_ACORDO_COOP;IN_FORMA_CONT_ES_PREST_SERV;IN_FORMA_CONT_ES_COOP_TEC_FIN;IN_FORMA_CONT_ES_CONSORCIO_PUB;IN_MANT_ESCOLA_PRIVADA_EMP;IN_MANT_ESCOLA_PRIVADA_ONG;IN_MANT_ESCOLA_PRIVADA_OSCIP;IN_MANT_ESCOLA_PRIV_ONG_OSCIP;IN_MANT_ESCOLA_PRIVADA_SIND;IN_MANT_ESCOLA_PRIVADA_SIST_S;IN_MANT_ESCOLA_PRIVADA_S_FINS;NU_CNPJ_ESCOLA_PRIVADA;NU_CNPJ_MANTENEDORA;TP_REGULAMENTACAO;TP_RESPONSAVEL_REGULAMENTACAO;CO_ESCOLA_SEDE_VINCULADA;CO_IES_OFERTANTE;IN_LOCAL_FUNC_PREDIO_ESCOLAR;TP_OCUPACAO_PREDIO_ESCOLAR;IN_LOCAL_FUNC_SOCIOEDUCATIVO;IN_LOCAL_FUNC_UNID_PRISIONAL;IN_LOCAL_FUNC_PRISIONAL_SOCIO;IN_LOCAL_FUNC_GALPAO;TP_OCUPACAO_GALPAO;IN_LOCAL_FUNC_SALAS_OUTRA_ESC;IN_LOCAL_FUNC_OUTROS;IN_PREDIO_COMPARTILHADO;IN_AGUA_POTAVEL;IN_AGUA_REDE_PUBLICA;IN_AGUA_POCO_ARTESIANO;IN_AGUA_CACIMBA;IN_AGUA_FONTE_RIO;IN_AGUA_INEXISTENTE;IN_AGUA_CARRO_PIPA;IN_ENERGIA_REDE_PUBLICA;IN_ENERGIA_GERADOR_FOSSIL;IN_ENERGIA_RENOVAVEL;IN_ENERGIA_INEXISTENTE;IN_ESGOTO_REDE_PUBLICA;IN_ESGOTO_FOSSA_SEPTICA;IN_ESGOTO_FOSSA_COMUM;IN_ESGOTO_FOSSA;IN_ESGOTO_INEXISTENTE;IN_LIXO_SERVICO_COLETA;IN_LIXO_QUEIMA;IN_LIXO_ENTERRA;IN_LIXO_DESTINO_FINAL_PUBLICO;IN_LIXO_DESCARTA_OUTRA_AREA;IN_TRATAMENTO_LIXO_SEPARACAO;IN_TRATAMENTO_LIXO_REUTILIZA;IN_TRATAMENTO_LIXO_RECICLAGEM;IN_TRATAMENTO_LIXO_INEXISTENTE;IN_ALMOXARIFADO;IN_AREA_VERDE;IN_AREA_PLANTIO;IN_AUDITORIO;IN_BANHEIRO;IN_BANHEIRO_EI;IN_BANHEIRO_PNE;IN_BANHEIRO_FUNCIONARIOS;IN_BANHEIRO_CHUVEIRO;IN_BIBLIOTECA;IN_BIBLIOTECA_SALA_LEITURA;IN_COZINHA;IN_DESPENSA;IN_DORMITORIO_ALUNO;IN_DORMITORIO_PROFESSOR;IN_LABORATORIO_CIENCIAS;IN_LABORATORIO_INFORMATICA;IN_LABORATORIO_EDUC_PROF;IN_PATIO_COBERTO;IN_PATIO_DESCOBERTO;IN_PARQUE_INFANTIL;IN_PISCINA;IN_QUADRA_ESPORTES;IN_QUADRA_ESPORTES_COBERTA;IN_QUADRA_ESPORTES_DESCOBERTA;IN_REFEITORIO;IN_SALA_ATELIE_ARTES;IN_SALA_MUSICA_CORAL;IN_SALA_ESTUDIO_DANCA;IN_SALA_MULTIUSO;IN_SALA_ESTUDIO_GRAVACAO;IN_SALA_OFICINAS_EDUC_PROF;IN_SALA_DIRETORIA;IN_SALA_LEITURA;IN_SALA_PROFESSOR;IN_SALA_REPOUSO_ALUNO;IN_SECRETARIA;IN_SALA_ATENDIMENTO_ESPECIAL;IN_TERREIRAO;IN_VIVEIRO;IN_DEPENDENCIAS_OUTRAS;IN_ACESSIBILIDADE_CORRIMAO;IN_ACESSIBILIDADE_ELEVADOR;IN_ACESSIBILIDADE_PISOS_TATEIS;IN_ACESSIBILIDADE_VAO_LIVRE;IN_ACESSIBILIDADE_RAMPAS;IN_ACESSIBILIDADE_SINAL_SONORO;IN_ACESSIBILIDADE_SINAL_TATIL;IN_ACESSIBILIDADE_SINAL_VISUAL;IN_ACESSIBILIDADE_INEXISTENTE;IN_ACESSIBILIDADE_SINALIZACAO;QT_SALAS_UTILIZADAS_DENTRO;QT_SALAS_UTILIZADAS_FORA;QT_SALAS_UTILIZADAS;QT_SALAS_UTILIZA_CLIMATIZADAS;QT_SALAS_UTILIZADAS_ACESSIVEIS;QT_SALAS_LEITURA;IN_EQUIP_PARABOLICA;IN_COMPUTADOR;IN_EQUIP_COPIADORA;IN_EQUIP_IMPRESSORA;IN_EQUIP_IMPRESSORA_MULT;IN_EQUIP_SCANNER;IN_EQUIP_NENHUM;IN_EQUIP_DVD;QT_EQUIP_DVD;IN_EQUIP_SOM;QT_EQUIP_SOM;IN_EQUIP_TV;QT_EQUIP_TV;IN_EQUIP_LOUSA_DIGITAL;QT_EQUIP_LOUSA_DIGITAL;IN_EQUIP_MULTIMIDIA;QT_EQUIP_MULTIMIDIA;IN_DESKTOP_ALUNO;QT_DESKTOP_ALUNO;IN_COMP_PORTATIL_ALUNO;QT_COMP_PORTATIL_ALUNO;IN_TABLET_ALUNO;QT_TABLET_ALUNO;IN_INTERNET;IN_INTERNET_ALUNOS;IN_INTERNET_ADMINISTRATIVO;IN_INTERNET_APRENDIZAGEM;IN_INTERNET_COMUNIDADE;IN_ACESSO_INTERNET_COMPUTADOR;IN_ACES_INTERNET_DISP_PESSOAIS;TP_REDE_LOCAL;IN_BANDA_LARGA;QT_PROF_ADMINISTRATIVOS;QT_PROF_SERVICOS_GERAIS;QT_PROF_BIBLIOTECARIO;QT_PROF_SAUDE;QT_PROF_COORDENADOR;QT_PROF_FONAUDIOLOGO;QT_PROF_NUTRICIONISTA;QT_PROF_PSICOLOGO;QT_PROF_ALIMENTACAO;QT_PROF_PEDAGOGIA;QT_PROF_SECRETARIO;QT_PROF_SEGURANCA;QT_PROF_MONITORES;QT_PROF_GESTAO;QT_PROF_ASSIST_SOCIAL;QT_PROF_TRAD_LIBRAS;QT_PROF_AGRICOLA;QT_PROF_REVISOR_BRAILLE;IN_ALIMENTACAO;IN_MATERIAL_PED_MULTIMIDIA;IN_MATERIAL_PED_INFANTIL;IN_MATERIAL_PED_CIENTIFICO;IN_MATERIAL_PED_DIFUSAO;IN_MATERIAL_PED_MUSICAL;IN_MATERIAL_PED_JOGOS;IN_MATERIAL_PED_ARTISTICAS;IN_MATERIAL_PED_PROFISSIONAL;IN_MATERIAL_PED_DESPORTIVA;IN_MATERIAL_PED_INDIGENA;IN_MATERIAL_PED_ETNICO;IN_MATERIAL_PED_CAMPO;IN_MATERIAL_PED_BIL_SURDOS;IN_MATERIAL_PED_AGRICOLA;IN_MATERIAL_PED_QUILOMBOLA;IN_MATERIAL_PED_EDU_ESP;IN_MATERIAL_PED_NENHUM;IN_EDUCACAO_INDIGENA;TP_INDIGENA_LINGUA;CO_LINGUA_INDIGENA_1;CO_LINGUA_INDIGENA_2;CO_LINGUA_INDIGENA_3;IN_EXAME_SELECAO;IN_RESERVA_PPI;IN_RESERVA_RENDA;IN_RESERVA_PUBLICA;IN_RESERVA_PCD;IN_RESERVA_OUTROS;IN_RESERVA_NENHUMA;IN_REDES_SOCIAIS;IN_ESPACO_ATIVIDADE;IN_ESPACO_EQUIPAMENTO;IN_ORGAO_ASS_PAIS;IN_ORGAO_ASS_PAIS_MESTRES;IN_ORGAO_CONSELHO_ESCOLAR;IN_ORGAO_GREMIO_ESTUDANTIL;IN_ORGAO_OUTROS;IN_ORGAO_NENHUM;TP_PROPOSTA_PEDAGOGICA;IN_EDUC_AMBIENTAL;IN_EDUC_AMB_CONTEUDO;IN_EDUC_AMB_CURRICULAR;IN_EDUC_AMB_EIXO;IN_EDUC_AMB_EVENTOS;IN_EDUC_AMB_PROJETOS;IN_EDUC_AMB_NENHUMA;TP_AEE;TP_ATIVIDADE_COMPLEMENTAR;TP_ITINERARIO_FORMATIVO;IN_ITINERARIO_APROFUNDAMENTO;IN_ITINERARIO_TECN_PROF;IN_ESCOLARIZACAO;IN_MEDIACAO_PRESENCIAL;IN_MEDIACAO_SEMIPRESENCIAL;IN_MEDIACAO_EAD;IN_ESPECIAL_EXCLUSIVA;IN_REGULAR;IN_EJA;IN_PROFISSIONALIZANTE;IN_COMUM_CRECHE;IN_COMUM_PRE;IN_COMUM_FUND_AI;IN_COMUM_FUND_AF;IN_COMUM_MEDIO_MEDIO;IN_COMUM_MEDIO_INTEGRADO;IN_COMUM_MEDIO_FIC;IN_COMUM_MEDIO_NORMAL;IN_ESP_EXCLUSIVA_CRECHE;IN_ESP_EXCLUSIVA_PRE;IN_ESP_EXCLUSIVA_FUND_AI;IN_ESP_EXCLUSIVA_FUND_AF;IN_ESP_EXCLUSIVA_MEDIO_MEDIO;IN_ESP_EXCLUSIVA_MEDIO_INTEGR;IN_ESP_EXCLUSIVA_MEDIO_FIC;IN_ESP_EXCLUSIVA_MEDIO_NORMAL;IN_COMUM_EJA_FUND;IN_COMUM_EJA_MEDIO;IN_COMUM_EJA_PROF;IN_ESP_EXCLUSIVA_EJA_FUND;IN_ESP_EXCLUSIVA_EJA_MEDIO;IN_ESP_EXCLUSIVA_EJA_PROF;IN_COMUM_PROF;IN_ESP_EXCLUSIVA_PROF
2025;Nordeste;2;Pernambuco;PE;26;Igarassu;2606804;Recife;2601;Recife;260001;Igarassu;260680405;;;CENTRO DE PRE ESCOLAR ARTHUR CARLOS DE MELO;26105110;1;3;;1;0;1;00003;10FEB2025:00:00:00;31DEC2025:00:00:00;1;0;0;0;0;;;;;;;;;;;;;;;;;;;;;;;;;;;;;1;3;;;1;1;0;0;0;0;;0;0;0;1;1;0;0;0;0;0;1;0;0;0;0;1;0;1;0;1;0;0;0;0;0;0;0;1;0;0;0;0;1;1;1;1;0;0;1;1;1;0;0;0;0;0;1;0;1;0;0;0;0;0;0;0;0;0;0;0;0;1;0;0;1;0;0;0;0;0;0;0;1;0;0;0;0;0;0;5;0;5;0;0;0;0;1;0;1;0;0;0;0;0;1;1;0;0;0;0;1;1;0;0;0;0;0;0;1;0;1;1;0;0;0;3;1;3;7;0;0;0;0;0;0;2;3;0;0;0;0;0;0;0;0;1;0;1;0;0;0;1;0;0;0;0;0;0;0;0;0;0;0;0;;;;;0;;;;;;;1;0;0;0;0;1;0;0;0;1;1;0;0;0;0;1;0;1;0;0;0;0;1;1;0;0;0;1;0;0;0;1;0;0;0;0;0;0;0;0;0;0;0;0;0;0;0;0;0;0;0;0;0;0
2025;Nordeste;2;Pernambuco;PE;26;Igarassu;2606804;Recife;2601;Recife;260001;Igarassu;260680405;;;ESCOLA ADOLFO BROL;26105144;1;3;;1;0;1;00003;10FEB2025:00:00:00;31DEC2025:00:00:00;1;0;0;0;0;;;;;;;;;;;;;;;;;;;;;;;;;;;;;1;3;;;1;1;0;0;0;0;;0;0;0;1;1;0;1;0;0;0;1;0;0;0;0;1;0;1;0;1;0;0;0;0;0;0;0;1;1;0;0;0;1;1;1;1;1;0;1;1;1;0;0;0;0;0;1;0;0;0;0;0;0;0;0;0;0;0;0;0;0;1;1;0;1;1;0;0;0;0;0;0;1;1;0;0;0;0;0;6;0;6;6;0;2;0;0;0;0;1;0;0;0;0;1;1;1;2;0;0;1;1;0;0;0;0;0;0;1;0;1;1;0;0;0;0;1;2;4;0;0;0;0;0;0;2;1;0;0;0;0;0;0;0;0;1;0;1;0;0;0;1;1;0;1;0;1;0;0;0;0;1;0;0;;;;;0;;;;;;;1;0;0;0;0;1;0;0;0;1;0;9;9;9;9;9;9;1;0;0;0;0;1;1;0;0;0;1;0;0;0;1;1;0;0;0;0;0;0;0;0;0;0;0;0;0;0;0;0;0;0;0;0;0
2025;Nordeste;2;Pernambuco;PE;26;Igarassu;2606804;Recife;2601;Recife;260001;Igarassu;260680405;;;ESCOLA ANTONIO DE PADUA CARACIOLO;26105179;1;3;;1;0;1;00003;10FEB2025:00:00:00;31DEC2025:00:00:00;1;0;0;0;0;;;;;;;;;;;;;;;;;;;;;;;;;;;;;1;3;;;1;1;0;0;0;0;;0;0;0;1;1;0;1;0;0;0;1;0;0;0;0;1;0;1;0;1;0;0;0;0;0;0;0;1;0;0;0;0;1;0;1;1;1;0;1;1;1;0;0;0;1;0;1;0;0;0;0;0;0;0;0;0;0;0;0;0;0;1;1;0;1;1;0;0;0;0;0;0;1;1;0;0;0;0;0;7;0;7;7;7;7;0;1;0;0;1;0;0;0;0;1;1;1;1;0;0;1;3;1;1;0;0;1;45;1;1;1;1;0;1;1;3;1;2;5;1;0;0;0;0;0;3;2;0;0;0;1;0;0;0;0;1;1;0;0;1;0;1;0;0;1;0;1;0;0;0;0;1;0;0;;;;;0;;;;;;;0;0;1;0;0;1;0;0;0;1;0;9;9;9;9;9;9;1;0;0;0;0;1;1;0;0;0;1;0;0;0;1;1;1;0;0;0;0;0;0;0;0;0;0;0;0;0;0;0;0;0;0;0;0
2025;Nordeste;2;Pernambuco;PE;26;Igarassu;2606804;Recife;2601;Recife;260001;Igarassu;260680405;;;ESCOLA DALILA DE MELO FONSECA;26105209;1;3;;1;0;1;00003;10FEB2025:00:00:00;31DEC2025:00:00:00;1;0;0;0;0;;;;;;;;;;;;;;;;;;;;;;;;;;;;;1;3;;;1;1;0;0;0;0;;0;0;0;1;1;0;0;0;0;0;1;0;0;0;1;1;0;1;0;1;0;0;0;0;1;0;0;0;0;0;0;0;1;1;1;1;1;0;1;1;1;0;0;0;0;0;1;0;1;0;1;0;1;1;0;0;0;0;0;0;1;1;1;0;1;1;0;0;0;0;0;0;1;1;0;0;0;0;0;10;0;10;10;0;0;0;1;0;1;0;0;0;0;0;1;1;0;0;0;0;1;1;0;0;0;0;1;4;1;0;1;1;0;0;0;3;1;4;10;2;0;2;0;1;0;3;2;0;0;0;1;0;0;0;0;1;1;1;0;1;0;1;1;0;1;0;1;0;1;0;0;0;0;0;;;;;0;;;;;;;1;0;1;0;0;1;0;0;0;1;1;1;0;0;0;0;0;1;0;0;0;0;1;1;0;0;0;1;0;0;0;1;1;0;0;0;0;0;0;0;0;0;0;0;0;0;0;0;0;0;0;0;0;0
2025;Nordeste;2;Pernambuco;PE;26;Igarassu;2606804;Recife;2601;Recife;260001;Igarassu;260680405;;;ESCOLA EDUARDO VIEIRA DE CARVALHO;26105241;1;3;;2;0;1;00003;10FEB2025:00:00:00;31DEC2025:00:00:00;1;0;0;0;0;;;;;;;;;;;;;;;;;;;;;;;;;;;;;1;3;;;1;1;0;0;0;0;;0;0;0;1;0;1;0;0;0;0;1;0;0;0;0;1;0;1;0;1;0;0;0;0;1;1;1;0;1;0;0;0;1;1;0;1;0;0;0;1;1;0;0;0;0;0;1;0;0;0;0;0;0;0;0;0;0;0;0;0;0;0;0;0;1;0;0;0;0;0;0;0;1;1;0;0;0;0;0;4;0;4;2;4;0;0;1;0;1;0;0;0;0;0;1;1;0;0;0;0;1;1;0;0;0;0;0;0;1;0;1;1;0;0;0;3;1;1;3;0;0;0;0;0;0;1;0;0;0;0;0;0;0;0;0;1;0;1;0;0;0;1;0;0;0;0;0;0;0;0;0;1;0;0;;;;;0;;;;;;;1;0;0;0;0;1;0;0;0;0;1;0;0;0;0;0;1;0;0;0;0;0;1;1;0;0;0;1;0;0;0;1;1;0;0;0;0;0;0;0;0;0;0;0;0;0;0;0;0;0;0;0;0;0
2025;Nordeste;2;Pernambuco;PE;26;Igarassu;2606804;Recife;2601;Recife;260001;Igarassu;260680405;;;ESCOLA FRANCISCO SIMOES DA COSTA;26105268;1;3;;2;0;1;00003;10FEB2025:00:00:00;31DEC2025:00:00:00;1;0;0;0;0;;;;;;;;;;;;;;;;;;;;;;;;;;;;;1;3;;;1;1;0;0;0;0;;0;0;1;1;1;0;1;0;0;0;1;0;0;0;1;1;0;1;0;1;0;0;0;0;1;1;0;0;1;1;0;0;1;1;1;1;1;1;1;1;1;0;0;0;0;0;1;0;1;0;0;0;0;0;0;1;0;0;0;0;0;1;1;0;1;1;0;0;0;0;0;0;1;1;0;0;0;0;0;9;0;9;9;9;9;0;1;0;0;1;0;0;0;0;1;1;1;1;0;0;1;3;1;1;0;0;0;0;1;0;1;1;0;0;0;2;1;5;13;0;0;0;0;0;0;3;2;0;0;0;1;0;0;0;0;1;0;1;0;0;1;1;1;0;1;0;1;1;1;0;0;1;0;0;;;;;0;;;;;;;1;1;1;0;0;1;0;0;0;1;1;0;0;0;1;0;0;1;0;0;0;0;1;1;0;0;0;1;1;0;0;1;1;0;0;0;0;0;0;0;0;0;0;0;0;0;1;0;0;0;0;0;0;0
2025;Nordeste;2;Pernambuco;PE;26;Igarassu;2606804;Recife;2601;Recife;260001;Igarassu;260680405;;;ESCOLA JOAO ALBUQUERQUE UCHOA CAVALCANTI;26105284;1;3;;2;0;1;00003;10FEB2025:00:00:00;31DEC2025:00:00:00;1;0;0;0;0;;;;;;;;;;;;;;;;;;;;;;;;;;;;;1;3;;;1;1;0;0;0;0;;0;0;0;1;0;1;0;0;0;0;1;0;0;0;0;1;0;1;0;1;0;0;0;0;1;0;0;0;0;0;0;0;1;1;0;1;1;0;0;1;1;0;0;0;0;0;0;0;0;0;1;0;1;0;0;0;0;0;0;0;0;0;0;0;1;0;0;0;0;0;0;0;1;1;0;0;0;0;0;4;0;4;4;4;4;0;1;0;1;0;0;0;1;1;1;1;1;1;1;1;1;1;1;1;1;1;1;1;1;0;1;0;0;0;0;1;1;1;3;0;0;0;0;0;0;2;1;0;0;0;0;0;0;0;0;1;0;1;0;1;0;1;1;0;0;0;0;1;0;0;0;0;0;0;;;;;0;;;;;;;1;0;0;0;0;1;0;0;0;1;0;9;9;9;9;9;9;0;0;0;0;0;1;1;0;0;0;1;0;0;0;1;1;0;0;0;0;0;0;0;0;0;0;0;0;0;0;0;0;0;0;0;0;0
2025;Nordeste;2;Pernambuco;PE;26;Igarassu;2606804;Recife;2601;Recife;260001;Igarassu;260680405;;;ESCOLA JOAO BATISTA DE FRAGA;26105292;1;3;;2;0;1;00003;10FEB2025:00:00:00;31DEC2025:00:00:00;1;0;0;0;0;;;;;;;;;;;;;;;;;;;;;;;;;;;;;2;3;;;1;1;0;0;0;0;;0;0;0;1;0;1;0;0;0;0;1;0;0;0;0;1;0;1;0;1;0;0;0;0;0;0;0;1;0;0;0;0;1;0;1;0;1;0;0;1;1;0;0;0;0;0;1;0;0;0;0;0;0;0;0;0;0;0;0;0;0;0;0;0;1;0;0;0;0;0;0;0;0;1;0;0;0;0;0;4;0;4;0;0;0;1;1;0;1;1;0;0;0;0;1;3;1;2;0;0;1;1;0;0;0;0;0;0;1;0;1;1;0;0;0;3;0;2;3;0;0;0;0;0;0;2;1;0;0;0;0;0;0;0;0;1;0;1;0;1;0;1;0;0;1;0;0;0;0;0;0;0;0;0;;;;;0;;;;;;;1;0;1;0;0;1;0;0;0;1;0;9;9;9;9;9;9;0;0;0;0;0;1;1;0;0;0;1;0;0;0;1;1;0;0;0;0;0;0;0;0;0;0;0;0;0;0;0;0;0;0;0;0;0
2025;Nordeste;2;Pernambuco;PE;26;Igarassu;2606804;Recife;2601;Recife;260001;Igarassu;260680405;;;ESCOLA JOAO DE QUEIROZ GALVAO;26105306;1;3;;1;0;1;00003;10FEB2025:00:00:00;31DEC2025:00:00:00;1;0;0;0;0;;;;;;;;;;;;;;;;;;;;;;;;;;;;;1;3;;;1;1;0;0;0;0;;0;0;1;1;1;0;1;0;0;0;1;0;0;0;0;1;0;1;0;1;0;0;0;0;1;0;0;0;1;0;0;0;1;0;1;1;0;0;1;1;1;0;0;0;0;0;0;1;0;0;0;0;0;0;0;0;0;0;0;0;0;1;1;0;1;1;1;0;0;0;0;0;1;0;0;0;0;0;0;10;0;10;10;10;3;0;1;0;0;1;0;0;0;0;1;2;1;2;0;0;1;1;0;0;0;0;1;90;1;1;1;1;0;1;0;3;1;7;8;0;0;0;0;0;0;4;4;0;0;0;1;0;0;0;0;1;0;0;1;1;0;1;0;0;1;0;0;0;1;0;0;1;0;0;;;;;0;;;;;;;1;0;0;0;0;1;0;0;0;1;0;9;9;9;9;9;9;1;0;0;0;0;1;1;0;0;0;1;1;0;0;1;1;1;0;0;0;0;0;0;0;0;0;0;0;0;1;0;0;0;0;0;0;0
2025;Nordeste;2;Pernambuco;PE;26;Igarassu;2606804;Recife;2601;Recife;260001;Igarassu;260680405;;;ESCOLA PROFESSOR JOSE EDUARDO DE BRITO;26105322;1;3;;1;0;1;00003;10FEB2025:00:00:00;31DEC2025:00:00:00;1;0;0;0;0;;;;;;;;;;;;;;;;;;;;;;;;;;;;;1;3;;;1;1;0;0;0;0;;0;0;0;1;1;0;1;0;0;0;1;0;0;0;0;1;0;1;0;1;0;0;0;0;1;0;0;0;0;0;0;0;1;0;1;1;0;0;1;1;1;0;0;0;0;0;1;0;0;0;0;0;0;0;0;0;0;0;0;0;0;1;1;0;1;1;0;0;0;0;0;0;1;1;0;0;0;0;0;7;0;7;0;7;2;0;1;0;0;1;0;0;0;0;1;1;0;0;0;0;0;0;0;0;0;0;1;2;1;0;1;1;0;0;0;2;1;3;7;0;0;0;0;0;0;2;2;0;0;0;0;0;0;0;0;1;0;1;0;1;0;1;0;0;0;0;0;0;0;0;0;0;0;0;;;;;0;;;;;;;1;0;0;0;0;1;0;0;0;1;0;9;9;9;9;9;9;1;0;0;0;0;1;1;0;0;0;1;0;0;0;1;1;0;0;0;0;0;0;0;0;0;0;0;0;0;0;0;0;0;0;0;0;0
2025;Nordeste;2;Pernambuco;PE;26;Igarassu;2606804;Recife;2601;Recife;260001;Igarassu;260680405;;;ESCOLA JOSE JORGE DE FARIAS SALES;26105330;1;3;;1;0;1;00003;10FEB2025:00:00:00;31DEC2025:00:00:00;1;0;0;0;0;;;;;;;;;;;;;;;;;;;;;;;;;;;;;1;3;;;1;1;0;0;0;0;;0;0;0;1;1;0;1;0;0;0;1;0;0;0;0;1;0;1;0;1;0;0;0;0;0;0;0;1;1;1;0;0;1;1;1;1;0;1;1;1;1;0;0;0;0;0;1;1;1;0;0;0;0;0;0;0;0;0;0;0;0;1;1;0;1;1;0;0;0;0;0;0;1;1;0;0;0;0;0;14;0;14;0;0;1;0;1;0;0;1;0;0;0;0;1;1;0;0;0;0;1;1;0;0;0;0;1;3;1;1;1;1;0;0;1;2;1;5;11;0;0;0;0;0;0;4;2;0;0;0;1;0;0;0;0;1;0;1;0;0;0;1;0;0;1;0;0;0;0;0;0;1;0;0;;;;;0;;;;;;;1;1;0;0;0;1;0;0;0;1;0;9;9;9;9;9;9;1;0;0;0;0;1;1;0;0;0;1;0;0;0;1;1;0;0;0;0;0;0;0;0;0;0;0;0;0;0;0;0;0;0;0;0;0
2025;Nordeste;2;Pernambuco;PE;26;Igarassu;2606804;Recife;2601;Recife;260001;Igarassu;260680405;;;ESCOLA JOSE MARTINS DO CARMO;26105349;1;3;;2;0;1;00003;10FEB2025:00:00:00;31DEC2025:00:00:00;1;0;0;0;0;;;;;;;;;;;;;;;;;;;;;;;;;;;;;1;3;;;1;1;0;0;0;0;;0;0;1;1;1;0;0;0;0;0;1;0;0;0;0;1;0;1;0;1;0;0;0;0;1;0;0;0;1;1;0;0;1;0;0;1;1;0;0;1;1;0;0;0;0;0;1;0;0;0;0;0;0;0;0;0;0;0;0;0;1;0;1;0;1;1;0;0;0;0;0;0;1;0;0;0;0;0;0;5;0;5;0;5;3;0;1;0;0;1;0;0;0;0;1;1;1;1;0;0;1;1;0;0;0;0;0;0;1;0;1;1;0;0;0;2;1;2;5;0;0;0;0;0;0;3;2;0;0;0;0;0;0;0;0;1;0;1;0;0;0;1;1;0;0;0;0;0;0;0;0;0;0;0;;;;;0;;;;;;;1;0;1;0;0;1;0;0;0;1;1;1;0;0;0;1;0;1;0;0;0;0;1;1;0;0;0;1;1;0;0;1;1;0;0;0;0;0;0;0;0;0;0;0;0;0;1;0;0;0;0;0;0;0
2025;Nordeste;2;Pernambuco;PE;26;Igarassu;2606804;Recife;2601;Recife;260001;Igarassu;260680405;;;ESCOLA MARIA DA GLORIA ALVES DE LIMA;26105357;1;3;;2;0;1;00003;10FEB2025:00:00:00;31DEC2025:00:00:00;1;0;0;0;0;;;;;;;;;;;;;;;;;;;;;;;;;;;;;1;3;;;1;1;0;0;0;0;;0;0;0;1;1;0;1;0;0;0;1;0;0;0;0;1;0;1;0;1;0;0;0;0;0;0;0;1;1;0;0;0;1;1;1;1;1;0;1;1;1;0;0;0;0;0;1;0;1;0;0;0;0;0;0;0;0;0;0;0;1;1;1;0;1;1;0;0;0;1;0;0;1;1;0;0;0;0;0;4;0;4;4;0;1;0;1;0;0;1;0;0;0;0;1;1;1;1;0;0;1;3;0;0;0;0;1;2;1;0;1;1;0;0;0;2;1;2;5;0;0;0;0;0;0;2;1;0;0;0;0;0;0;0;0;1;0;1;0;1;0;1;0;0;1;0;0;0;1;0;0;1;0;0;;;;;0;;;;;;;1;0;0;0;0;1;0;0;0;1;0;9;9;9;9;9;9;1;0;0;0;0;1;1;0;0;0;1;0;0;0;1;1;0;0;0;0;0;0;0;0;0;0;0;0;0;0;0;0;0;0;0;0;0
2025;Nordeste;2;Pernambuco;PE;26;Igarassu;2606804;Recife;2601;Recife;260001;Igarassu;260680405;;;ESCOLA MARIA DJANIRA LACERDA LEITE;26105365;1;3;;2;0;1;00003;10FEB2025:00:00:00;31DEC2025:00:00:00;1;0;0;0;0;;;;;;;;;;;;;;;;;;;;;;;;;;;;;1;3;;;1;1;0;0;0;0;;0;0;0;1;1;0;0;0;0;0;1;0;0;0;0;1;0;1;0;1;0;0;0;0;1;0;0;0;1;0;0;0;1;1;1;1;1;0;1;1;1;0;0;0;0;0;0;1;1;0;0;0;0;0;0;0;0;0;0;0;1;1;1;0;1;1;0;0;0;0;0;0;1;1;0;0;0;0;0;8;2;10;8;8;0;0;1;1;1;0;0;0;1;1;0;0;1;1;0;0;0;0;0;0;0;0;1;50;1;1;1;1;0;0;1;3;1;1;7;0;0;0;0;0;0;3;2;0;0;0;0;0;0;0;0;1;1;1;1;1;0;1;1;0;1;0;0;0;0;0;0;0;0;0;;;;;0;;;;;;;1;0;0;0;0;1;0;0;0;1;1;1;0;0;0;1;0;1;0;0;0;0;1;1;0;0;0;1;0;0;0;1;1;1;0;0;0;0;0;0;0;0;0;0;0;0;0;0;0;0;0;0;0;0
2025;Nordeste;2;Pernambuco;PE;26;Igarassu;2606804;Recife;2601;Recife;260001;Igarassu;260680405;;;ESCOLA MARIA JOSE DO AMARAL;26105373;1;3;;1;0;1;00003;10FEB2025:00:00:00;31DEC2025:00:00:00;1;0;0;0;0;;;;;;;;;;;;;;;;;;;;;;;;;;;;;1;3;;;1;1;0;0;0;0;;0;0;0;1;1;0;0;0;0;0;1;0;0;0;0;1;0;1;0;1;0;0;0;0;1;0;0;0;0;0;0;0;1;0;0;1;1;0;0;1;1;0;0;0;0;0;1;0;0;0;0;0;0;0;0;0;0;0;0;0;0;0;0;0;1;0;0;0;0;0;0;0;1;1;0;0;0;0;0;3;0;3;0;0;0;0;1;0;0;1;0;0;0;0;0;0;1;1;0;0;1;1;1;1;1;1;0;0;1;0;1;1;0;0;0;3;1;3;2;0;0;0;0;0;0;0;1;0;0;0;0;0;0;0;0;1;0;0;0;0;0;1;1;0;1;0;0;0;0;0;0;0;0;0;;;;;0;;;;;;;1;0;0;0;0;1;0;0;0;1;1;1;0;0;0;1;0;0;0;0;0;0;1;1;0;0;0;1;0;0;0;1;1;0;0;0;0;0;0;0;0;0;0;0;0;0;0;0;0;0;0;0;0;0
2025;Nordeste;2;Pernambuco;PE;26;Igarassu;2606804;Recife;2601;Recife;260001;Igarassu;260680405;;;ESCOLA VEREADOR JOSE FRANCISCO FERREIRA;26105381;1;3;;1;0;1;00003;10FEB2025:00:00:00;31DEC2025:00:00:00;1;0;0;0;0;;;;;;;;;;;;;;;;;;;;;;;;;;;;;1;3;;;1;1;0;0;0;0;;0;0;0;1;1;0;0;0;0;0;1;0;0;0;0;1;0;1;0;1;0;0;0;0;0;0;0;1;1;1;0;0;1;1;0;1;1;0;1;1;1;0;0;0;0;0;1;0;0;0;0;0;0;0;0;0;0;0;0;0;0;1;1;0;1;1;1;0;0;1;0;0;1;1;0;0;0;0;0;6;0;6;0;0;0;0;0;0;0;1;0;0;0;0;0;0;0;0;0;0;1;1;0;0;0;0;0;0;1;0;1;1;0;0;0;0;1;5;6;0;0;0;0;0;0;3;4;0;0;0;0;0;0;0;0;1;0;0;0;1;0;1;1;0;1;0;0;0;0;0;0;0;0;0;;;;;0;;;;;;;1;0;0;0;0;1;0;0;0;1;0;9;9;9;9;9;9;1;0;0;0;0;1;1;0;0;0;1;1;0;0;1;1;0;0;0;0;0;0;0;0;0;0;0;0;0;1;0;0;0;0;0;0;0
2025;Nordeste;2;Pernambuco;PE;26;Igarassu;2606804;Recife;2601;Recife;260001;Igarassu;260680405;;;ESCOLA NOSSA SENHORA DA CONCEICAO;26105411;1;3;;1;0;1;00003;10FEB2025:00:00:00;31DEC2025:00:00:00;1;0;0;0;0;;;;;;;;;;;;;;;;;;;;;;;;;;;;;1;3;;;1;1;0;0;0;0;;0;0;0;1;1;0;0;0;0;0;1;0;0;0;0;1;0;1;0;1;0;0;0;0;0;0;0;1;1;0;0;0;1;0;1;1;1;0;0;1;1;0;0;0;0;0;0;0;0;0;0;0;0;0;0;0;0;0;0;0;0;0;1;0;1;1;0;0;0;1;0;0;1;1;0;0;0;0;0;9;0;9;0;6;0;0;1;0;1;0;1;0;0;0;0;0;0;0;0;0;1;1;0;0;1;1;1;2;1;0;1;1;0;0;0;2;1;3;4;0;0;0;0;0;0;3;2;0;0;0;0;0;0;0;0;1;0;0;0;1;0;1;1;0;0;0;0;0;1;0;0;1;0;0;;;;;0;;;;;;;1;0;0;0;0;1;0;0;0;0;0;9;9;9;9;9;9;1;0;0;0;0;1;1;0;0;0;1;0;0;0;1;1;0;0;0;0;0;0;0;0;0;0;0;0;0;0;0;0;0;0;0;0;0
2025;Nordeste;2;Pernambuco;PE;26;Igarassu;2606804;Recife;2601;Recife;260001;Igarassu;260680405;;;ESCOLA VIRGINIA BORBA PESSOA GUERRA;26105420;1;3;;2;0;1;00003;10FEB2025:00:00:00;31DEC2025:00:00:00;1;0;0;0;0;;;;;;;;;;;;;;;;;;;;;;;;;;;;;1;3;;;1;1;0;0;0;0;;0;0;0;1;0;1;0;0;0;0;1;0;0;0;0;1;0;1;0;0;1;0;0;0;1;0;0;0;0;0;0;0;1;0;1;0;0;0;0;1;1;0;0;0;0;0;1;0;1;0;0;0;0;0;0;0;0;0;0;0;0;0;0;0;1;0;0;0;0;0;0;0;1;1;0;0;0;0;0;3;0;3;3;0;1;0;1;0;1;0;0;0;0;0;0;0;0;0;0;0;0;0;0;0;0;0;0;0;1;0;1;1;0;0;0;1;1;1;1;0;0;0;0;0;0;2;1;0;0;0;0;0;0;0;0;1;1;1;0;1;0;0;1;0;1;0;1;0;0;0;0;0;0;0;;;;;0;;;;;;;1;0;0;0;0;1;0;0;0;1;1;0;0;0;0;1;0;0;1;0;0;0;1;1;0;0;0;1;0;0;0;1;1;0;0;0;0;0;0;0;0;0;0;0;0;0;0;0;0;0;0;0;0;0
2025;Nordeste;2;Pernambuco;PE;26;Igarassu;2606804;Recife;2601;Recife;260001;Igarassu;260680405;;;ESCOLA PROFESSOR JOSE ERONIDES;26105470;1;3;;2;0;1;00003;10FEB2025:00:00:00;31DEC2025:00:00:00;1;0;0;0;0;;;;;;;;;;;;;;;;;;;;;;;;;;;;;1;3;;;1;1;0;0;0;0;;0;0;1;1;1;0;0;0;0;0;1;0;0;0;0;1;0;1;0;1;0;0;0;0;0;0;0;1;0;0;0;0;1;0;1;1;0;1;1;1;1;0;0;1;0;0;1;0;0;0;0;0;0;0;0;0;0;0;0;0;1;0;1;0;1;1;0;0;0;1;0;0;1;1;0;0;0;0;0;8;0;8;8;1;8;0;1;0;0;1;0;0;0;0;1;1;1;1;0;0;1;1;1;1;1;1;1;45;1;1;1;1;0;0;1;2;1;2;6;2;0;0;0;0;0;3;3;0;0;0;0;0;0;0;0;1;1;0;0;1;0;1;0;0;0;0;0;0;0;0;0;1;0;0;;;;;0;;;;;;;1;0;0;0;0;1;0;0;0;1;1;1;0;0;0;0;0;1;0;0;0;0;1;1;0;0;0;1;0;0;0;1;1;1;0;0;0;0;0;0;0;0;0;0;0;0;0;0;0;0;0;0;0;0
2025;Nordeste;2;Pernambuco;PE;26;Igarassu;2606804;Recife;2601;Recife;260001;Igarassu;260680405;;;CENTRO DE EDUCACAO INTEGRAL CECILIA MARIA VAZ CURADO RIBEIRO;26105489;1;3;;1;0;1;00003;10FEB2025:00:00:00;31DEC2025:00:00:00;1;0;0;0;0;;;;;;;;;;;;;;;;;;;;;;;;;;;;;1;3;;;1;1;0;0;0;0;;0;0;0;1;1;1;0;0;0;0;1;0;0;0;0;1;0;1;0;1;0;0;0;0;1;0;0;0;1;1;1;0;1;0;1;1;1;1;1;1;1;0;0;1;1;0;1;0;0;0;1;0;1;1;0;0;0;0;0;0;1;0;1;0;1;0;0;0;0;1;0;0;1;1;0;0;0;0;0;11;0;11;11;11;0;0;1;0;0;1;0;0;0;0;1;2;0;0;0;0;1;1;0;0;0;0;1;90;1;1;1;1;0;1;0;3;1;4;13;1;0;0;0;0;0;0;1;0;0;0;1;0;0;1;0;1;1;0;1;1;1;1;1;0;1;0;0;0;0;0;0;0;0;0;;;;;0;;;;;;;1;0;1;0;0;1;0;1;0;1;0;9;9;9;9;9;9;0;0;0;0;0;1;1;0;0;0;1;0;0;0;0;0;1;0;0;0;0;0;0;0;0;0;0;0;0;0;0;0;0;0;0;0;0
2025;Nordeste;2;Pernambuco;PE;26;Igarassu;2606804;Recife;2601;Recife;260001;Igarassu;260680405;;;CENTRO DE EDUCACAO INTEGRAL SAO LUIZ;26105527;1;3;;2;0;1;00003;10FEB2025:00:00:00;31DEC2025:00:00:00;1;0;0;0;0;;;;;;;;;;;;;;;;;;;;;;;;;;;;;1;3;;;1;1;0;0;0;0;;0;0;0;1;1;0;1;0;0;0;1;0;0;0;0;1;0;1;0;1;0;0;0;0;1;0;0;0;1;0;0;0;1;0;1;1;0;0;1;1;1;0;0;1;1;0;1;0;0;0;0;0;0;1;0;0;0;0;0;0;1;1;1;0;1;0;0;0;0;0;0;0;1;1;0;0;0;0;0;6;0;6;6;6;0;0;1;0;0;1;0;0;0;0;1;1;0;0;0;0;1;1;0;0;0;0;1;40;1;1;1;1;0;1;0;3;1;4;6;1;0;0;0;0;0;4;1;0;0;1;1;0;0;0;0;1;1;0;1;1;0;1;1;0;1;0;0;0;0;0;0;0;0;0;;;;;0;;;;;;;1;0;1;0;0;1;0;0;0;1;0;9;9;9;9;9;9;0;0;0;0;0;1;1;0;0;0;1;0;0;0;0;0;1;0;0;0;0;0;0;0;0;0;0;0;0;0;0;0;0;0;0;0;0
2025;Nordeste;2;Pernambuco;PE;26;Igarassu;2606804;Recife;2601;Recife;260001;Igarassu;260680405;;;ESCOLA SENADOR JOSE ERMIRIO DE MORAES;26105535;1;3;;1;0;1;00003;10FEB2025:00:00:00;31DEC2025:00:00:00;1;0;0;0;0;;;;;;;;;;;;;;;;;;;;;;;;;;;;;1;3;;;1;1;0;0;0;0;;0;0;0;1;1;0;0;0;0;0;1;0;0;0;1;0;0;0;0;1;0;0;0;0;1;0;0;0;1;0;0;0;1;0;1;1;1;0;1;1;1;0;0;0;0;0;1;0;0;0;0;0;0;0;0;0;0;0;0;0;0;1;0;0;1;1;1;0;0;1;0;0;1;1;0;0;0;0;0;6;0;6;0;6;0;0;1;0;1;0;0;0;0;0;1;1;0;0;0;0;1;2;1;2;1;2;1;45;1;1;1;0;0;0;1;2;1;2;3;1;0;0;0;0;0;2;2;0;0;0;0;0;0;0;0;1;0;1;1;1;0;1;0;0;1;0;0;0;0;0;0;1;0;0;;;;;0;;;;;;;1;1;1;0;0;1;0;0;0;1;0;9;9;9;9;9;9;1;0;0;0;0;1;1;0;0;0;1;0;0;0;1;1;1;0;0;0;0;0;0;0;0;0;0;0;0;0;0;0;0;0;0;0;0
2025;Nordeste;2;Pernambuco;PE;26;Igarassu;2606804;Recife;2601;Recife;260001;Igarassu;260680405;;;ESCOLA ULISSES PERNAMBUCANO;26105551;1;3;;2;0;1;00003;10FEB2025:00:00:00;31DEC2025:00:00:00;1;0;0;0;0;;;;;;;;;;;;;;;;;;;;;;;;;;;;;1;3;;;1;1;0;0;0;0;;0;0;0;1;0;1;0;0;0;0;1;0;0;0;0;1;0;1;0;1;0;0;0;0;1;0;0;0;0;0;0;0;1;0;1;0;0;0;0;1;1;0;0;0;0;0;0;0;1;0;0;0;0;0;0;0;0;0;0;0;0;0;0;0;1;0;0;0;0;0;0;0;1;0;0;0;0;0;0;4;0;4;4;0;4;0;1;0;0;1;0;0;0;0;1;1;0;0;0;0;1;1;1;3;0;0;0;0;1;0;1;0;0;0;0;3;1;2;4;0;0;0;0;0;0;2;2;0;0;0;1;0;0;0;0;1;0;1;0;1;0;0;0;0;0;0;0;0;0;0;0;0;0;0;;;;;0;;;;;;;1;0;0;0;0;1;0;0;0;1;0;9;9;9;9;9;9;0;1;0;0;0;1;1;0;0;0;1;0;0;0;1;1;0;0;0;0;0;0;0;0;0;0;0;0;0;0;0;0;0;0;0;0;0
2025;Nordeste;2;Pernambuco;PE;26;Igarassu;2606804;Recife;2601;Recife;260001;Igarassu;260680405;;;ESCOLA JOAO LEITE NOGUEIRA PAZ;26105560;1;3;;1;0;1;00003;10FEB2025:00:00:00;31DEC2025:00:00:00;1;0;0;0;0;;;;;;;;;;;;;;;;;;;;;;;;;;;;;1;3;;;1;1;0;0;0;0;;0;0;0;1;1;0;1;0;0;0;1;0;0;0;0;1;0;1;0;1;0;0;0;0;0;0;0;1;1;0;0;0;1;1;1;1;0;0;1;1;1;0;0;0;0;0;1;0;0;0;0;0;0;0;0;0;0;0;0;0;1;1;1;0;1;1;0;0;0;1;0;0;0;1;0;0;0;0;0;8;0;8;8;4;2;0;1;0;0;0;0;0;0;0;1;1;1;1;0;0;1;1;1;1;0;0;1;3;1;0;1;1;0;0;0;3;1;3;6;0;0;0;0;0;0;2;2;0;0;0;1;0;0;0;0;1;0;1;0;1;0;1;0;0;1;0;0;0;0;0;0;0;0;0;;;;;0;;;;;;;1;0;1;0;0;1;0;0;0;1;0;9;9;9;9;9;9;1;0;0;0;0;1;1;0;0;0;1;0;0;0;1;1;0;0;0;0;0;0;0;0;0;0;0;0;0;0;0;0;0;0;0;0;0
2025;Nordeste;2;Pernambuco;PE;26;Igarassu;2606804;Recife;2601;Recife;260001;Igarassu;260680405;;;ESCOLA NELSON DE OLIVEIRA GALVAO;26105578;1;3;;1;0;1;00003;10FEB2025:00:00:00;31DEC2025:00:00:00;1;0;0;0;0;;;;;;;;;;;;;;;;;;;;;;;;;;;;;1;3;;;1;1;0;0;0;0;;0;0;0;1;1;0;1;0;0;0;1;0;0;0;0;1;0;1;0;1;0;0;0;0;1;0;0;0;0;0;0;0;1;0;1;1;0;0;0;1;1;0;0;0;0;0;1;0;0;0;0;0;0;0;0;0;0;0;0;0;0;0;0;0;1;1;0;0;0;0;0;0;1;1;0;0;0;0;0;4;0;4;0;2;4;0;0;0;0;1;0;0;0;0;1;1;1;1;0;0;1;1;1;2;1;2;0;0;1;0;1;1;0;0;0;2;1;2;3;0;0;0;0;0;0;2;3;0;0;0;1;0;1;0;0;1;1;0;0;1;0;1;0;0;1;0;0;0;0;0;0;1;0;0;;;;;0;;;;;;;1;0;0;0;0;1;0;0;0;1;0;9;9;9;9;9;9;1;0;0;0;0;1;1;0;0;0;1;0;0;0;1;1;0;0;0;0;0;0;0;0;0;0;0;0;0;0;0;0;0;0;0;0;0
2025;Nordeste;2;Pernambuco;PE;26;Igarassu;2606804;Recife;2601;Recife;260001;Igarassu;260680405;;;ESCOLA SOLDADO MARIANO MARCOS GONCALVES CAVALCANTI;26105586;1;3;;1;0;1;00003;10FEB2025:00:00:00;31DEC2025:00:00:00;1;0;0;0;0;;;;;;;;;;;;;;;;;;;;;;;;;;;;;1;3;;;1;3;0;0;0;0;;0;0;0;1;1;0;0;0;0;0;1;0;0;0;0;1;0;1;0;1;0;0;0;0;0;0;1;0;1;0;0;0;1;1;1;1;1;1;1;1;1;0;0;0;0;0;1;0;0;0;0;0;0;0;0;1;0;0;0;0;1;0;1;0;1;1;1;0;0;1;0;0;1;1;0;0;0;0;0;10;0;10;10;0;3;0;1;0;0;1;0;0;0;0;1;1;1;1;0;0;1;1;1;8;0;0;1;1;1;0;1;1;0;0;0;2;1;3;9;2;0;0;0;0;0;3;2;0;0;0;0;0;0;0;0;1;0;1;1;0;1;1;1;0;1;0;0;0;0;0;0;1;0;0;;;;;0;;;;;;;1;0;1;0;0;1;0;0;0;1;1;1;0;0;0;0;0;1;0;0;0;0;1;1;0;0;0;1;0;0;0;1;1;0;0;0;0;0;0;0;0;0;0;0;0;0;0;0;0;0;0;0;0;0
2025;Nordeste;2;Pernambuco;PE;26;Igarassu;2606804;Recife;2601;Recife;260001;Igarassu;260680405;;;ESCOLA ECILDA RAMOS DE SOUZA;26105624;1;3;;1;0;1;00003;10FEB2025:00:00:00;31DEC2025:00:00:00;1;0;0;0;0;;;;;;;;;;;;;;;;;;;;;;;;;;;;;1;3;;;1;1;0;0;0;0;;0;0;0;1;1;0;1;0;0;0;1;0;0;0;0;1;0;1;0;1;0;0;0;0;0;0;0;1;0;1;0;0;1;0;1;1;1;0;1;1;1;0;0;1;0;0;1;0;0;0;1;0;1;0;0;0;0;0;0;0;1;1;1;0;1;1;0;0;0;0;0;0;1;1;0;0;1;0;0;6;0;6;6;6;0;0;1;0;0;1;0;0;0;0;1;1;0;0;0;0;1;1;0;0;0;0;1;35;1;1;1;1;0;1;0;2;1;3;6;2;0;1;0;0;0;2;0;0;0;0;0;0;0;0;0;1;0;0;1;1;0;1;1;0;1;0;0;0;1;0;0;0;0;0;;;;;0;;;;;;;1;0;0;0;0;1;0;0;0;1;0;9;9;9;9;9;9;0;0;0;0;0;1;1;0;0;0;1;0;0;0;0;0;1;0;0;0;0;0;0;0;0;0;0;0;0;0;0;0;0;0;0;0;0
2025;Nordeste;2;Pernambuco;PE;26;Igarassu;2606804;Recife;2601;Recife;260001;Igarassu;260680405;;;ESCOLA PASTOR ISAIAS RAFAEL DE ALENCAR;26105721;1;3;;1;0;1;00003;10FEB2025:00:00:00;31DEC2025:00:00:00;1;0;0;0;0;;;;;;;;;;;;;;;;;;;;;;;;;;;;;1;3;;;1;3;0;0;0;0;;0;0;0;1;1;0;0;0;0;0;1;0;0;0;1;0;0;0;0;1;0;0;0;0;0;0;0;1;1;0;0;0;1;0;1;1;0;0;0;1;1;0;0;0;0;0;0;1;0;0;0;0;0;0;0;0;0;0;0;0;1;0;1;0;1;1;0;0;0;0;0;0;1;0;0;0;0;0;0;7;0;7;7;0;0;0;1;0;1;0;0;0;0;0;1;3;0;0;0;0;0;0;0;0;0;0;1;75;1;1;1;1;0;1;0;2;1;5;7;0;0;0;0;0;0;3;2;0;0;0;1;0;0;0;0;1;0;0;1;1;0;1;0;0;1;0;0;0;0;0;0;1;0;0;;;;;0;;;;;;;1;0;1;0;0;1;0;0;0;1;0;9;9;9;9;9;9;1;0;0;0;0;1;1;0;0;0;1;0;0;0;0;0;1;0;0;0;0;0;0;0;0;0;0;0;0;0;0;0;0;0;0;0;0
2025;Nordeste;2;Pernambuco;PE;26;Igarassu;2606804;Recife;2601;Recife;260001;Igarassu;260680405;;;ESCOLA SAO MARCOS;26105764;1;3;;2;0;1;00003;10FEB2025:00:00:00;31DEC2025:00:00:00;1;0;0;0;0;;;;;;;;;;;;;;;;;;;;;;;;;;;;;1;3;;;1;1;0;0;0;0;;0;0;0;1;1;0;0;0;0;0;1;0;0;0;0;1;0;1;0;1;0;0;0;0;1;0;0;0;1;0;0;0;1;1;0;1;1;0;0;1;1;0;0;0;0;0;1;0;0;0;0;0;0;0;0;0;0;0;0;0;0;0;1;0;1;1;0;0;0;0;0;0;0;0;0;0;0;1;0;4;0;4;0;0;0;0;1;0;1;1;0;0;0;0;0;0;0;0;0;0;0;0;1;2;1;2;0;0;1;0;1;1;0;0;0;3;1;4;3;0;0;0;0;0;0;3;2;0;0;0;0;0;0;0;0;1;1;0;0;1;1;1;0;0;1;0;0;0;0;0;0;1;0;0;;;;;0;;;;;;;1;0;0;0;0;1;0;0;0;1;1;1;0;1;0;1;0;1;0;0;0;0;1;1;0;0;0;1;1;0;0;1;1;0;0;0;0;0;0;0;0;0;0;0;0;0;1;0;0;0;0;0;0;0
2025;Nordeste;2;Pernambuco;PE;26;Igarassu;2606804;Recife;2601;Recife;260001;Igarassu;260680405;;;ESCOLA FLAVIO PESSOA GUERRA;26105780;1;3;;1;0;1;00003;10FEB2025:00:00:00;31DEC2025:00:00:00;1;0;0;0;0;;;;;;;;;;;;;;;;;;;;;;;;;;;;;1;3;;;1;1;0;0;0;0;;0;0;0;1;1;0;0;0;0;0;1;0;0;0;0;1;0;1;0;1;0;0;0;0;0;0;0;1;1;0;0;0;1;0;1;1;0;0;0;1;1;0;0;0;0;0;0;0;0;0;1;0;1;0;0;0;0;0;0;0;0;0;1;0;1;1;0;0;0;1;0;0;1;1;0;0;0;0;0;4;0;4;4;3;3;0;1;0;0;0;0;0;0;0;1;1;0;0;1;1;1;1;1;1;0;0;0;0;1;0;1;1;0;0;0;1;1;2;3;0;0;0;0;0;0;2;1;0;0;0;0;0;0;0;0;1;0;0;0;0;0;1;0;0;1;0;0;0;0;0;0;0;0;0;;;;;0;;;;;;;1;0;0;0;0;1;0;0;0;1;1;0;0;0;1;0;0;1;0;0;0;0;1;1;0;0;0;1;0;0;0;1;1;0;0;0;0;0;0;0;0;0;0;0;0;0;0;0;0;0;0;0;0;0
2025;Nordeste;2;Pernambuco;PE;26;Igarassu;2606804;Recife;2601;Recife;260001;Igarassu;260680405;;;ESCOLA ANA CALDAS BRANDAO;26105861;1;3;;2;0;1;00003;10FEB2025:00:00:00;31DEC2025:00:00:00;1;0;0;0;0;;;;;;;;;;;;;;;;;;;;;;;;;;;;;1;3;;;1;1;0;0;0;0;;0;0;0;1;0;1;0;0;0;0;1;0;0;0;0;1;0;1;0;1;0;0;0;0;0;0;0;1;0;0;0;0;1;0;1;0;1;0;0;1;1;0;0;0;0;0;0;0;0;0;0;0;0;0;0;0;0;0;0;0;0;0;0;0;1;0;1;0;0;0;0;0;1;0;0;0;0;0;0;4;0;4;4;4;1;0;1;0;1;1;0;0;0;0;1;1;0;0;0;0;1;1;1;1;0;0;0;0;1;0;1;1;0;0;0;3;1;2;3;0;0;0;0;0;0;2;1;0;0;0;0;0;0;0;0;1;0;0;0;0;0;1;0;0;1;0;0;0;0;0;0;1;0;0;;;;;0;;;;;;;1;1;1;0;0;1;0;0;0;1;0;9;9;9;9;9;9;0;0;0;0;0;1;1;0;0;0;1;1;0;0;1;1;0;0;0;0;0;0;0;0;0;0;0;0;0;1;0;0;0;0;0;0;0
2025;Nordeste;2;Pernambuco;PE;26;Igarassu;2606804;Recife;2601;Recife;260001;Igarassu;260680405;;;ESCOLA ANA BANDEIRA DE MENEZES;26132150;1;3;;2;0;1;00003;10FEB2025:00:00:00;31DEC2025:00:00:00;1;0;0;0;0;;;;;;;;;;;;;;;;;;;;;;;;;;;;;2;3;;;1;1;0;0;0;0;;0;0;0;1;0;0;1;0;0;0;1;0;0;0;0;1;0;1;0;1;0;0;0;0;0;0;0;1;0;1;0;0;1;1;0;1;1;0;0;1;1;0;0;0;0;0;1;0;0;0;0;0;0;0;0;0;0;0;0;0;0;0;0;0;1;1;0;0;0;0;0;0;0;0;0;0;0;1;0;5;0;5;1;0;5;0;1;0;1;0;0;0;0;0;1;1;1;1;0;0;0;0;1;1;0;0;0;0;1;0;1;1;0;0;0;3;1;3;4;0;0;0;0;0;0;2;4;0;0;0;1;0;0;0;0;1;0;1;0;1;1;1;0;0;1;0;0;0;0;0;0;0;0;0;;;;;0;;;;;;;1;0;0;0;0;1;0;0;0;1;1;0;0;0;1;0;0;1;0;0;0;0;1;1;0;0;0;1;0;0;0;1;1;0;0;0;0;0;0;0;0;0;0;0;0;0;0;0;0;0;0;0;0;0
2025;Nordeste;2;Pernambuco;PE;26;Igarassu;2606804;Recife;2601;Recife;260001;Igarassu;260680405;;;ESCOLA MARIA LUCIA DA SILVA;26141493;1;3;;2;0;1;00003;10FEB2025:00:00:00;31DEC2025:00:00:00;1;0;0;0;0;;;;;;;;;;;;;;;;;;;;;;;;;;;;;1;3;;;1;1;0;0;0;0;;0;0;0;1;0;1;0;0;0;0;1;0;0;0;0;1;0;1;0;1;0;0;0;0;0;0;0;1;0;0;0;0;1;0;0;1;0;0;1;1;1;0;0;0;0;0;1;0;0;0;0;0;0;0;0;0;0;0;0;0;0;1;0;0;1;0;1;0;0;0;0;0;1;0;0;0;0;0;0;3;0;3;0;0;0;0;1;0;0;1;0;0;0;0;0;0;0;0;0;0;1;1;0;0;0;0;0;0;1;0;1;1;0;0;0;3;1;1;3;0;0;0;0;0;0;1;1;0;0;0;0;0;0;0;0;1;0;1;0;0;1;1;1;0;1;0;0;0;0;0;0;0;0;0;;;;;0;;;;;;;1;0;0;0;0;1;0;0;0;0;0;9;9;9;9;9;9;0;0;0;0;0;1;1;0;0;0;1;0;0;0;1;1;0;0;0;0;0;0;0;0;0;0;0;0;0;0;0;0;0;0;0;0;0
2025;Nordeste;2;Pernambuco;PE;26;Igarassu;2606804;Recife;2601;Recife;260001;Igarassu;260680405;;;ESCOLA VEREADOR JAIME BEZERRA LINS;26145138;1;3;;1;0;1;00003;10FEB2025:00:00:00;31DEC2025:00:00:00;1;0;0;0;0;;;;;;;;;;;;;;;;;;;;;;;;;;;;;1;3;;;1;1;0;0;0;0;;0;0;0;1;1;0;0;0;0;0;1;0;0;0;0;1;0;1;0;1;0;0;0;0;0;0;0;1;0;0;0;0;1;1;1;1;0;0;0;1;1;0;0;0;0;0;1;0;1;0;1;1;0;0;0;0;0;0;0;0;1;0;0;0;1;1;0;0;0;0;0;0;1;1;0;0;0;0;0;5;0;5;5;1;5;0;1;0;0;1;0;0;0;0;1;1;0;0;0;0;1;1;1;1;0;0;0;0;1;0;1;1;0;0;0;2;1;2;7;0;0;0;0;0;0;2;2;0;0;0;0;0;0;0;0;1;0;0;0;1;0;1;0;0;0;0;0;0;0;0;0;0;0;0;;;;;0;;;;;;;1;0;0;0;0;1;0;0;0;1;0;9;9;9;9;9;9;1;0;0;0;0;1;1;0;0;0;1;0;0;0;1;1;0;0;0;0;0;0;0;0;0;0;0;0;0;0;0;0;0;0;0;0;0
2025;Nordeste;2;Pernambuco;PE;26;Igarassu;2606804;Recife;2601;Recife;260001;Igarassu;260680405;;;CRECHE TIA EMOCY KRAUSE;26145375;1;3;;1;0;1;00003;10FEB2025:00:00:00;31DEC2025:00:00:00;1;0;0;0;0;;;;;;;;;;;;;;;;;;;;;;;;;;;;;1;3;;;1;1;0;0;0;0;;0;0;0;1;1;0;0;0;0;0;1;0;0;0;0;1;0;1;0;1;0;0;0;0;0;0;0;1;1;1;0;1;1;1;0;1;1;0;0;1;1;1;0;0;0;0;0;1;1;0;0;0;0;1;0;0;0;0;0;0;1;0;1;0;1;0;0;0;0;0;0;0;1;1;0;0;0;0;0;9;0;9;9;9;0;0;1;0;0;0;0;0;0;0;0;0;1;2;0;0;0;0;0;0;0;0;0;0;1;0;1;1;0;0;0;3;1;4;5;0;0;0;0;0;0;4;1;0;0;0;0;0;0;0;0;1;0;1;0;0;0;0;0;0;0;0;0;0;0;0;0;0;0;0;;;;;0;;;;;;;1;0;1;0;0;1;0;0;0;1;0;9;9;9;9;9;9;0;0;0;0;0;1;1;0;0;0;1;0;0;1;0;0;0;0;0;0;0;0;0;0;0;0;0;0;0;0;0;0;0;0;0;0;0
2025;Nordeste;2;Pernambuco;PE;26;Igarassu;2606804;Recife;2601;Recife;260001;Igarassu;260680405;;;CRECHE TIA JANE MAGALHAES;26145383;1;3;;1;0;1;00003;10FEB2025:00:00:00;31DEC2025:00:00:00;1;0;0;0;0;;;;;;;;;;;;;;;;;;;;;;;;;;;;;1;3;;;1;1;0;0;0;0;;0;0;0;1;1;0;1;0;0;0;1;0;0;0;0;1;0;1;0;1;0;0;0;0;0;0;0;1;1;1;0;0;1;1;0;1;1;0;1;1;1;1;0;0;0;0;0;1;1;0;0;0;0;1;0;0;0;0;0;0;1;1;1;0;1;0;1;0;0;0;0;0;1;1;0;0;0;0;0;9;0;9;9;0;4;0;1;0;1;1;0;0;0;0;0;0;1;1;0;0;1;1;1;1;0;0;0;0;1;0;1;1;0;0;0;2;1;4;5;0;0;0;0;1;0;4;2;0;2;0;0;0;0;0;0;1;1;1;0;1;0;0;0;0;0;0;1;0;0;0;0;0;0;0;;;;;0;;;;;;;1;0;0;0;0;1;0;0;0;1;1;1;0;1;1;1;0;0;0;0;0;0;1;1;0;0;0;1;0;0;1;0;0;0;0;0;0;0;0;0;0;0;0;0;0;0;0;0;0;0;0;0;0;0
2025;Nordeste;2;Pernambuco;PE;26;Igarassu;2606804;Recife;2601;Recife;260001;Igarassu;260680405;;;ESCOLA SAMUEL RAIMUNDO DE LIMA;26150093;1;3;;2;0;1;00003;10FEB2025:00:00:00;31DEC2025:00:00:00;1;0;0;0;0;;;;;;;;;;;;;;;;;;;;;;;;;;;;;2;3;;;1;1;0;0;0;0;;0;0;0;1;1;0;0;0;0;0;1;0;0;0;0;1;0;1;0;1;0;0;0;0;1;0;0;0;1;0;0;0;1;1;0;0;1;0;0;1;1;0;0;0;0;0;1;0;0;0;0;0;0;0;0;0;0;0;0;0;0;0;0;0;1;0;0;0;0;1;0;0;0;1;0;0;0;0;0;5;0;5;0;0;0;0;1;0;1;0;0;0;0;0;1;1;0;0;0;0;1;1;1;2;1;2;0;0;1;0;1;1;0;0;0;3;1;2;4;0;0;0;0;0;0;2;1;0;0;0;0;0;0;0;0;1;0;0;0;1;0;1;1;0;1;0;1;0;0;0;0;0;0;0;;;;;0;;;;;;;1;0;1;0;0;1;0;0;0;1;0;9;9;9;9;9;9;0;0;0;0;0;1;1;0;0;0;1;0;0;0;1;1;0;0;0;0;0;0;0;0;0;0;0;0;0;0;0;0;0;0;0;0;0
2025;Nordeste;2;Pernambuco;PE;26;Igarassu;2606804;Recife;2601;Recife;260001;Igarassu;260680405;;;ESCOLA YARA RIBEIRO DE ALBUQUERQUE;26155737;1;3;;1;0;1;00003;10FEB2025:00:00:00;31DEC2025:00:00:00;1;0;0;0;0;;;;;;;;;;;;;;;;;;;;;;;;;;;;;2;3;;;1;1;0;0;0;0;;0;0;0;1;1;0;0;0;0;0;1;0;0;0;0;1;0;1;0;1;0;0;0;0;0;0;0;1;0;0;0;0;1;0;0;1;0;0;0;1;1;0;0;0;0;0;0;0;0;0;0;0;0;0;0;0;0;0;0;0;0;0;0;0;1;1;1;0;0;0;0;0;1;1;0;0;0;0;0;4;0;4;1;0;4;0;1;0;0;1;0;0;0;0;1;3;1;2;0;0;1;2;0;0;1;1;1;1;1;0;1;1;0;0;0;3;1;1;3;0;0;0;0;0;0;1;1;0;0;0;0;0;0;0;0;1;0;1;0;1;0;1;1;0;1;0;1;0;0;0;0;1;0;0;;;;;0;;;;;;;1;0;0;0;0;1;0;0;0;1;1;1;0;0;0;1;0;1;0;0;0;0;1;1;0;0;0;1;0;0;0;1;1;0;0;0;0;0;0;0;0;0;0;0;0;0;0;0;0;0;0;0;0;0
2025;Nordeste;2;Pernambuco;PE;26;Igarassu;2606804;Recife;2601;Recife;260001;Igarassu;260680405;;;ESCOLA MUNICIPAL ALBIN STAHLI;26168758;1;3;;1;0;1;00003;10FEB2025:00:00:00;31DEC2025:00:00:00;1;0;0;0;0;;;;;;;;;;;;;;;;;;;;;;;;;;;;;2;3;;;1;1;0;0;0;0;;0;0;0;1;1;0;1;0;0;0;1;0;0;0;0;1;0;1;0;1;0;0;0;0;0;0;0;1;1;0;0;0;1;0;1;1;0;0;0;1;1;0;0;1;0;0;1;0;0;0;1;1;0;0;0;0;0;0;0;0;1;0;1;0;1;1;0;0;0;0;0;0;1;1;0;0;0;0;0;7;0;7;7;7;0;0;1;0;1;1;0;0;0;0;1;2;0;0;0;0;1;2;0;0;0;0;1;99;1;0;1;1;0;0;0;3;1;5;8;0;0;2;0;0;0;3;4;0;0;2;0;0;0;0;0;1;0;0;1;1;1;1;0;0;1;0;0;0;0;0;0;1;0;0;;;;;0;;;;;;;1;1;1;0;0;1;0;0;0;1;1;0;1;0;0;0;0;1;0;0;0;0;1;1;0;0;0;1;1;0;0;0;0;1;0;0;0;0;0;0;0;0;0;0;0;0;1;0;0;0;0;0;0;0
2025;Nordeste;2;Pernambuco;PE;26;Igarassu;2606804;Recife;2601;Recife;260001;Igarassu;260680405;;;ESCOLA MARIA DO CARMO DO REGO MONTEIRO;26184990;1;3;;1;0;1;00003;10FEB2025:00:00:00;31DEC2025:00:00:00;1;0;0;0;0;;;;;;;;;;;;;;;;;;;;;;;;;;;;;1;3;;;1;1;0;0;0;0;;0;0;0;1;1;0;1;0;0;0;1;0;0;0;1;1;0;1;0;1;0;0;0;0;0;0;0;1;1;0;0;0;1;1;1;0;1;0;1;1;1;0;0;0;0;0;0;0;0;0;0;0;0;0;0;0;0;0;0;0;1;1;0;0;1;1;0;0;0;0;0;0;1;1;0;0;0;0;0;12;0;12;12;12;12;0;1;0;0;1;0;0;0;0;1;1;0;0;0;0;1;2;0;0;1;3;1;2;1;0;1;1;0;0;0;2;1;3;8;0;0;0;0;0;0;2;1;0;0;0;0;0;0;0;0;1;0;0;0;1;1;1;0;0;0;0;0;0;1;0;0;1;0;0;;;;;0;;;;;;;0;0;0;0;0;1;0;0;0;1;0;9;9;9;9;9;9;1;0;0;0;0;1;1;0;0;0;1;0;0;0;1;1;0;0;0;0;0;0;0;0;0;0;0;0;0;0;0;0;0;0;0;0;0
2025;Nordeste;2;Pernambuco;PE;26;Igarassu;2606804;Recife;2601;Recife;260001;Igarassu;260680405;;;ESCOLA MIGUEL GOMES DE LIMA;26186675;1;3;;2;0;1;00003;10FEB2025:00:00:00;31DEC2025:00:00:00;1;0;0;0;0;;;;;;;;;;;;;;;;;;;;;;;;;;;;;1;3;;;1;1;0;0;0;0;;0;0;1;1;1;1;0;0;0;0;1;0;0;0;1;0;0;0;0;1;0;0;0;0;0;0;0;1;1;1;0;0;1;0;1;1;0;0;1;1;1;0;0;0;0;0;1;0;1;0;0;0;0;0;0;0;0;0;0;0;1;1;1;0;1;1;1;0;0;0;0;0;1;1;0;0;0;0;0;13;0;13;0;13;4;0;1;0;0;1;0;0;0;0;1;1;1;2;0;0;1;1;0;0;0;0;1;100;1;1;1;1;0;0;1;3;1;5;8;0;0;0;0;0;0;6;2;0;1;0;1;0;0;0;0;1;0;0;1;0;0;1;0;0;1;0;1;1;1;0;0;1;0;0;;;;;0;;;;;;;1;0;0;0;0;1;0;0;0;1;1;0;0;0;0;1;0;1;0;0;0;0;1;1;0;0;0;1;1;0;0;1;1;1;0;0;0;0;0;0;0;0;0;0;0;0;1;0;0;0;0;0;0;0
2025;Nordeste;2;Pernambuco;PE;26;Igarassu;2606804;Recife;2601;Recife;260001;Igarassu;260680405;;;CENTRO DE EDUCACAO INTEGRAL FERNANDO HENRIQUE LUCENA;26192551;1;3;;1;0;1;00003;10FEB2025:00:00:00;31DEC2025:00:00:00;1;0;0;0;0;;;;;;;;;;;;;;;;;;;;;;;;;;;;;1;3;;;1;1;0;0;0;0;;0;0;0;1;0;1;0;0;0;0;1;1;0;0;0;1;0;1;0;1;0;0;0;0;0;0;0;1;1;1;0;1;1;0;1;1;1;1;1;1;1;0;0;1;1;0;0;1;0;0;1;1;0;1;0;0;0;0;0;0;1;0;1;0;1;1;0;0;0;0;0;1;1;1;0;0;0;0;0;15;0;15;15;15;0;0;1;0;0;1;0;0;0;0;1;2;0;0;0;0;1;1;1;24;1;1;1;100;1;1;1;1;0;1;0;3;1;4;11;0;0;0;0;0;0;8;1;0;4;0;1;0;0;0;0;1;1;0;1;1;1;1;0;0;1;0;1;0;0;0;0;0;0;0;;;;;0;;;;;;;1;1;0;0;0;1;1;0;0;1;0;9;9;9;9;9;9;1;0;0;0;0;1;1;0;0;0;1;0;0;0;0;0;1;0;0;0;0;0;0;0;0;0;0;0;0;0;0;0;0;0;0;0;0
2025;Nordeste;2;Pernambuco;PE;26;Igarassu;2606804;Recife;2601;Recife;260001;Nova Cruz;260680420;;;ESCOLA JOSE LUIZ DE BARROS SAMPAIO;26105870;1;3;;2;0;1;00003;10FEB2025:00:00:00;31DEC2025:00:00:00;1;0;0;0;0;;;;;;;;;;;;;;;;;;;;;;;;;;;;;1;3;;;1;1;0;0;0;0;;0;0;0;1;0;1;0;0;0;0;1;0;0;0;0;1;0;1;0;1;0;0;0;0;1;0;0;0;1;1;0;0;1;1;1;1;1;0;1;1;1;0;0;0;0;0;1;0;0;0;0;0;0;0;0;0;0;0;0;0;0;1;0;0;1;1;0;0;0;0;0;0;1;1;0;0;0;0;0;5;0;5;0;5;0;0;1;0;0;1;0;0;0;0;1;1;1;1;0;0;1;1;1;1;0;0;0;0;1;0;1;1;0;0;0;3;1;1;4;0;0;0;0;0;0;2;1;0;0;0;0;0;0;0;0;1;0;0;0;1;1;1;1;0;1;0;0;0;0;0;0;1;0;0;;;;;0;;;;;;;1;1;0;0;0;1;0;0;0;1;0;9;9;9;9;9;9;1;0;0;0;0;1;1;0;0;0;1;0;0;0;1;1;0;0;0;0;0;0;0;0;0;0;0;0;0;0;0;0;0;0;0;0;0
2025;Nordeste;2;Pernambuco;PE;26;Igarassu;2606804;Recife;2601;Recife;260001;Nova Cruz;260680420;;;ESCOLA JOAO SANTOS FILHO;26105896;1;3;;2;0;1;00003;10FEB2025:00:00:00;31DEC2025:00:00:00;1;0;0;0;0;;;;;;;;;;;;;;;;;;;;;;;;;;;;;1;3;;;1;1;0;0;0;0;;0;0;1;1;0;0;1;0;0;0;1;0;0;0;0;1;0;1;0;1;0;0;0;0;0;0;0;1;1;0;0;0;1;1;1;1;0;0;0;1;1;0;0;0;0;0;0;1;0;0;0;0;0;0;0;0;0;0;0;0;0;0;0;0;1;0;0;0;0;0;0;0;1;1;0;0;0;0;0;4;0;4;0;4;0;0;1;0;0;1;0;0;0;0;1;2;1;1;0;0;1;2;0;0;0;0;1;1;1;0;1;1;0;0;0;3;1;1;5;0;0;0;0;0;0;2;3;0;0;0;0;0;0;0;0;1;0;1;0;1;1;1;1;0;0;0;1;0;0;0;0;0;0;0;;;;;0;;;;;;;1;0;1;0;0;1;0;0;0;1;0;9;9;9;9;9;9;0;0;0;0;0;1;1;0;0;0;1;1;0;0;1;1;0;0;0;0;0;0;0;0;0;0;0;0;0;1;0;0;0;0;0;0;0
2025;Nordeste;2;Pernambuco;PE;26;Igarassu;2606804;Recife;2601;Recife;260001;Nova Cruz;260680420;;;ESCOLA MARIA AMELIA DE SA LEITAO;26141485;1;3;;2;0;1;00003;10FEB2025:00:00:00;31DEC2025:00:00:00;1;0;0;0;0;;;;;;;;;;;;;;;;;;;;;;;;;;;;;1;3;;;1;1;0;0;0;0;;0;0;0;1;1;0;0;0;0;0;1;0;0;0;0;1;0;1;0;1;0;0;0;0;0;0;0;1;0;0;0;0;1;0;1;0;1;0;0;1;1;0;0;0;0;0;0;0;0;0;0;0;0;0;0;0;0;0;0;0;0;0;0;0;1;1;0;0;0;1;0;0;1;0;0;0;0;0;0;4;0;4;4;0;1;0;1;0;0;1;0;0;0;0;1;1;1;2;0;0;1;1;0;0;0;0;0;0;1;0;1;1;0;0;0;3;1;2;3;0;0;0;0;0;0;1;1;0;0;0;0;0;0;0;0;1;1;1;0;1;1;1;1;0;1;0;1;1;1;0;0;1;0;0;;;;;0;;;;;;;1;1;1;0;0;1;0;0;0;1;1;0;0;0;1;1;0;1;0;0;0;0;1;1;0;0;0;1;0;0;0;1;1;0;0;0;0;0;0;0;0;0;0;0;0;0;0;0;0;0;0;0;0;0
2025;Nordeste;2;Pernambuco;PE;26;Igarassu;2606804;Recife;2601;Recife;260001;Nova Cruz;260680420;;;ESCOLA DIEGO JOSE DE OLIVEIRA SA LEITAO;26155745;1;3;;2;0;1;00003;10FEB2025:00:00:00;31DEC2025:00:00:00;1;0;0;0;0;;;;;;;;;;;;;;;;;;;;;;;;;;;;;1;3;;;1;1;0;0;0;0;;0;0;0;1;0;1;0;0;0;0;1;0;0;0;0;1;0;1;0;1;0;0;0;0;0;0;1;0;0;0;0;0;1;0;0;1;0;1;1;1;1;0;0;0;0;0;0;1;0;0;0;0;0;0;0;0;0;0;0;0;0;1;1;0;1;0;0;0;0;0;0;0;1;0;0;0;0;0;0;3;0;3;3;0;2;0;1;0;0;1;0;0;0;0;1;1;1;1;0;0;0;0;1;2;0;0;0;0;1;0;1;1;0;0;0;3;1;1;3;0;0;0;0;0;0;2;1;0;0;0;0;0;0;0;0;1;0;1;0;1;0;1;0;0;1;0;0;0;0;0;0;0;0;0;;;;;0;;;;;;;1;0;0;0;0;1;0;0;0;1;0;9;9;9;9;9;9;0;0;0;0;0;1;1;0;0;0;1;0;0;0;1;1;0;0;0;0;0;0;0;0;0;0;0;0;0;0;0;0;0;0;0;0;0
2025;Nordeste;2;Pernambuco;PE;26;Igarassu;2606804;Recife;2601;Recife;260001;Nova Cruz;260680420;;;CRECHE TIA NAI;26192330;1;3;;2;0;1;00003;10FEB2025:00:00:00;31DEC2025:00:00:00;1;0;0;0;0;;;;;;;;;;;;;;;;;;;;;;;;;;;;;1;3;;;1;1;0;0;0;0;;0;0;0;1;1;0;0;0;0;0;1;0;0;0;1;0;0;0;0;1;0;0;0;0;1;0;0;0;1;1;0;0;1;1;1;1;1;0;0;1;1;1;0;0;0;0;1;1;1;0;0;0;0;0;0;0;0;1;0;0;0;0;1;0;1;1;0;0;0;0;0;1;1;1;0;0;1;0;0;5;0;5;5;1;1;0;1;0;0;1;0;0;0;0;1;1;1;1;0;0;1;1;0;0;0;0;1;5;1;0;1;1;0;0;0;3;1;2;6;0;0;0;0;1;0;2;1;0;0;0;0;0;0;0;0;1;0;1;0;0;0;1;0;0;0;0;0;0;0;0;0;1;0;0;;;;;0;;;;;;;1;0;0;0;0;1;0;0;0;1;0;9;9;9;9;9;9;0;0;0;0;0;1;1;0;0;0;1;0;0;1;0;0;0;0;0;0;0;0;0;0;0;0;0;0;0;0;0;0;0;0;0;0;0
2025;Nordeste;2;Pernambuco;PE;26;Igarassu;2606804;Recife;2601;Recife;260001;Três Ladeiras;260680425;;;CENTRO DE EDUCACAO INTEGRAL EVANGELINA DELGADO DE ALBUQUERQUE;26105390;1;3;;2;0;1;00003;10FEB2025:00:00:00;31DEC2025:00:00:00;1;0;0;0;0;;;;;;;;;;;;;;;;;;;;;;;;;;;;;1;3;;;1;1;0;0;0;0;;0;0;1;1;1;0;1;0;0;0;1;0;0;0;0;1;0;1;0;1;0;0;0;0;0;0;0;1;0;1;0;0;1;0;1;1;1;0;1;1;1;0;0;1;0;0;0;1;0;0;0;0;0;1;0;0;0;1;0;0;1;1;1;0;1;0;1;0;0;0;0;0;1;1;0;0;0;0;0;7;0;7;0;7;0;0;1;0;0;1;0;0;0;0;1;1;1;1;0;0;1;4;0;0;0;0;1;57;1;1;1;1;0;1;0;2;1;3;5;0;0;0;0;0;0;4;1;0;0;0;1;0;0;0;0;1;0;0;1;1;1;1;1;1;1;0;1;0;0;0;0;0;0;0;;;;;0;;;;;;;1;0;1;0;0;1;0;0;0;1;1;1;0;0;1;0;0;0;0;0;0;0;1;1;0;0;0;1;1;0;0;0;0;1;0;0;0;0;0;0;0;0;0;0;0;0;1;0;0;0;0;0;0;0
2025;Nordeste;2;Pernambuco;PE;26;Igarassu;2606804;Recife;2601;Recife;260001;Três Ladeiras;260680425;;;ESCOLA IRINEU MARQUES DA FONSECA;26105918;1;3;;2;0;1;00003;10FEB2025:00:00:00;31DEC2025:00:00:00;1;0;0;0;0;;;;;;;;;;;;;;;;;;;;;;;;;;;;;1;3;;;1;1;0;0;0;0;;0;0;0;1;0;0;1;0;0;1;1;0;0;0;0;1;0;1;0;1;0;0;0;0;1;0;0;0;1;1;0;0;1;1;1;1;0;0;1;1;1;0;0;0;0;0;1;1;0;0;0;0;0;0;0;0;0;0;0;0;1;1;1;0;1;0;0;0;0;0;0;0;1;1;0;0;0;0;0;5;0;5;5;5;5;0;1;0;0;1;0;0;0;0;1;1;1;1;0;0;1;2;0;0;1;3;1;1;1;0;1;1;0;0;0;3;1;2;3;0;0;0;0;0;0;3;1;0;1;0;0;0;0;0;0;1;0;1;0;1;0;1;0;0;1;0;0;0;0;0;0;0;0;0;;;;;0;;;;;;;1;0;1;0;0;1;0;0;0;1;1;1;0;0;0;0;0;0;0;0;0;0;1;1;0;0;0;1;0;0;0;1;1;0;0;0;0;0;0;0;0;0;0;0;0;0;0;0;0;0;0;0;0;0
